timestamp,price,coin
2024-09-08 00:00:00,54150.9383589072,bitcoin
2024-09-09 00:00:00,54792.40755768575,bitcoin
2024-09-10 00:00:00,57049.118751143265,bitcoin
2024-09-11 00:00:00,57624.16178336144,bitcoin
2024-09-12 00:00:00,57381.764445000474,bitcoin
2024-09-13 00:00:00,58106.951229815284,bitcoin
2024-09-14 00:00:00,60620.62747295754,bitcoin
2024-09-15 00:00:00,60003.29940083042,bitcoin
2024-09-16 00:00:00,59214.80226801806,bitcoin
2024-09-17 00:00:00,58211.123231286256,bitcoin
2024-09-18 00:00:00,60317.0319794625,bitcoin
2024-09-19 00:00:00,61440.41208494509,bitcoin
2024-09-20 00:00:00,62966.52931910512,bitcoin
2024-09-21 00:00:00,63128.224540748255,bitcoin
2024-09-22 00:00:00,63403.402349259355,bitcoin
2024-09-23 00:00:00,63582.59956924825,bitcoin
2024-09-24 00:00:00,63327.02654450202,bitcoin
2024-09-25 00:00:00,64334.14274876097,bitcoin
2024-09-26 00:00:00,63151.89959401337,bitcoin
2024-09-27 00:00:00,65130.76884023231,bitcoin
2024-09-28 00:00:00,65791.00212541742,bitcoin
2024-09-29 00:00:00,65934.10709441357,bitcoin
2024-09-30 00:00:00,65663.68986662335,bitcoin
2024-10-01 00:00:00,63243.27532464382,bitcoin
2024-10-02 00:00:00,60872.668543725544,bitcoin
2024-10-03 00:00:00,60655.55979196848,bitcoin
2024-10-04 00:00:00,60727.86395169296,bitcoin
2024-10-05 00:00:00,62103.01047283253,bitcoin
2024-10-06 00:00:00,62091.932585194016,bitcoin
2024-10-07 00:00:00,62811.79972811266,bitcoin
2024-10-08 00:00:00,62287.39010510681,bitcoin
2024-10-09 00:00:00,62185.230423727575,bitcoin
2024-10-10 00:00:00,60597.15045618275,bitcoin
2024-10-11 00:00:00,60195.18073772453,bitcoin
2024-10-12 00:00:00,62392.34048293159,bitcoin
2024-10-13 00:00:00,63207.77062127557,bitcoin
2024-10-14 00:00:00,62829.533686088886,bitcoin
2024-10-15 00:00:00,66049.99492708022,bitcoin
2024-10-16 00:00:00,66962.21994496793,bitcoin
2024-10-17 00:00:00,67647.54414766871,bitcoin
2024-10-18 00:00:00,67328.10527002988,bitcoin
2024-10-19 00:00:00,68465.61920668735,bitcoin
2024-10-20 00:00:00,68388.87128965274,bitcoin
2024-10-21 00:00:00,68962.82918045693,bitcoin
2024-10-22 00:00:00,67394.85775735618,bitcoin
2024-10-23 00:00:00,67351.04793512498,bitcoin
2024-10-24 00:00:00,66683.96806542306,bitcoin
2024-10-25 00:00:00,68214.05205157402,bitcoin
2024-10-26 00:00:00,66585.66535501445,bitcoin
2024-10-27 00:00:00,67018.1650170265,bitcoin
2024-10-28 00:00:00,67938.55412885673,bitcoin
2024-10-29 00:00:00,69845.304531169,bitcoin
2024-10-30 00:00:00,72781.11308158132,bitcoin
2024-10-31 00:00:00,72342.62171127986,bitcoin
2024-11-01 00:00:00,70264.99735573279,bitcoin
2024-11-02 00:00:00,69507.92256395647,bitcoin
2024-11-03 00:00:00,69299.16036699413,bitcoin
2024-11-04 00:00:00,68803.50626277467,bitcoin
2024-11-05 00:00:00,67793.29782704762,bitcoin
2024-11-06 00:00:00,69335.42553133758,bitcoin
2024-11-07 00:00:00,75620.88606963192,bitcoin
2024-11-08 00:00:00,75987.24178320667,bitcoin
2024-11-09 00:00:00,76550.0213845611,bitcoin
2024-11-10 00:00:00,76630.22631415377,bitcoin
2024-11-11 00:00:00,80466.71654833542,bitcoin
2024-11-12 00:00:00,88637.42000322911,bitcoin
2024-11-13 00:00:00,88264.59974582895,bitcoin
2024-11-14 00:00:00,90488.10007497849,bitcoin
2024-11-15 00:00:00,87407.51273710128,bitcoin
2024-11-16 00:00:00,90947.97509443703,bitcoin
2024-11-17 00:00:00,90606.45489380708,bitcoin
2024-11-18 00:00:00,89841.47194135105,bitcoin
2024-11-19 00:00:00,90534.62459650292,bitcoin
2024-11-20 00:00:00,92251.65240738312,bitcoin
2024-11-21 00:00:00,94217.02229634205,bitcoin
2024-11-22 00:00:00,98509.11859102432,bitcoin
2024-11-23 00:00:00,98927.49494553401,bitcoin
2024-11-24 00:00:00,97679.46381643033,bitcoin
2024-11-25 00:00:00,98015.9355289458,bitcoin
2024-11-26 00:00:00,93004.70093103287,bitcoin
2024-11-27 00:00:00,91931.83077291827,bitcoin
2024-11-28 00:00:00,95981.18057210564,bitcoin
2024-11-29 00:00:00,95661.59595817851,bitcoin
2024-11-30 00:00:00,97453.2473451042,bitcoin
2024-12-01 00:00:00,96513.14234698225,bitcoin
2024-12-02 00:00:00,97311.70719084324,bitcoin
2024-12-03 00:00:00,95833.1362300365,bitcoin
2024-12-04 00:00:00,96031.63097759831,bitcoin
2024-12-05 00:00:00,98881.4694561823,bitcoin
2024-12-06 00:00:00,97201.50036407741,bitcoin
2024-12-07 00:00:00,99973.85150659826,bitcoin
2024-12-08 00:00:00,99781.82999198174,bitcoin
2024-12-09 00:00:00,101235.3717025316,bitcoin
2024-12-10 00:00:00,97353.94700820887,bitcoin
2024-12-11 00:00:00,96649.71446771531,bitcoin
2024-12-12 00:00:00,101123.61811033697,bitcoin
2024-12-13 00:00:00,100000.80836535197,bitcoin
2024-12-14 00:00:00,101352.22971292294,bitcoin
2024-12-15 00:00:00,101367.01064553364,bitcoin
2024-12-16 00:00:00,104721.50151808978,bitcoin
2024-12-17 00:00:00,106074.10723541168,bitcoin
2024-12-18 00:00:00,106034.913402645,bitcoin
2024-12-19 00:00:00,100355.5761481501,bitcoin
2024-12-20 00:00:00,97851.35377075805,bitcoin
2024-12-21 00:00:00,97691.43431692653,bitcoin
2024-12-22 00:00:00,97202.82496847633,bitcoin
2024-12-23 00:00:00,95094.27394862173,bitcoin
2024-12-24 00:00:00,94644.91085464321,bitcoin
2024-12-25 00:00:00,98695.71400782601,bitcoin
2024-12-26 00:00:00,99344.95417367229,bitcoin
2024-12-27 00:00:00,95678.31244565405,bitcoin
2024-12-28 00:00:00,94331.94727053077,bitcoin
2024-12-29 00:00:00,95184.61945288602,bitcoin
2024-12-30 00:00:00,93663.44751964067,bitcoin
2024-12-31 00:00:00,92627.28213113277,bitcoin
2025-01-01 00:00:00,93507.85874741491,bitcoin
2025-01-02 00:00:00,94384.1761153871,bitcoin
2025-01-03 00:00:00,96852.14681235075,bitcoin
2025-01-04 00:00:00,98084.34279280754,bitcoin
2025-01-05 00:00:00,98256.73876849933,bitcoin
2025-01-06 00:00:00,98364.58946599838,bitcoin
2025-01-07 00:00:00,102229.39453189743,bitcoin
2025-01-08 00:00:00,96952.09886774956,bitcoin
2025-01-09 00:00:00,95016.71440989176,bitcoin
2025-01-10 00:00:00,92376.27578346101,bitcoin
2025-01-11 00:00:00,94736.6267420969,bitcoin
2025-01-12 00:00:00,94559.55167224213,bitcoin
2025-01-13 00:00:00,94454.77089638807,bitcoin
2025-01-14 00:00:00,94456.3493746993,bitcoin
2025-01-15 00:00:00,96574.07768799194,bitcoin
2025-01-16 00:00:00,100313.15239828422,bitcoin
2025-01-17 00:00:00,100044.57926776377,bitcoin
2025-01-18 00:00:00,104160.69358484233,bitcoin
2025-01-19 00:00:00,104334.61575724394,bitcoin
2025-01-20 00:00:00,101275.33714814208,bitcoin
2025-01-21 00:00:00,101764.90860170545,bitcoin
2025-01-22 00:00:00,106182.2368201815,bitcoin
2025-01-23 00:00:00,103673.53509537787,bitcoin
2025-01-24 00:00:00,104067.60991206947,bitcoin
2025-01-25 00:00:00,104835.19253555956,bitcoin
2025-01-26 00:00:00,104796.04077738234,bitcoin
2025-01-27 00:00:00,102552.24874280207,bitcoin
2025-01-28 00:00:00,101958.46953745594,bitcoin
2025-01-29 00:00:00,101313.11264498268,bitcoin
2025-01-30 00:00:00,103718.97939813645,bitcoin
2025-01-31 00:00:00,104781.5135100103,bitcoin
2025-02-01 00:00:00,102382.39409722165,bitcoin
2025-02-02 00:00:00,100674.78762544956,bitcoin
2025-02-03 00:00:00,97568.31653024875,bitcoin
2025-02-04 00:00:00,101466.8606657039,bitcoin
2025-02-05 00:00:00,98118.43921664466,bitcoin
2025-02-06 00:00:00,96582.88682919052,bitcoin
2025-02-07 00:00:00,96635.41875332211,bitcoin
2025-02-08 00:00:00,96558.4563096667,bitcoin
2025-02-09 00:00:00,96558.23762501091,bitcoin
2025-02-10 00:00:00,96548.57865379585,bitcoin
2025-02-11 00:00:00,97399.98161383197,bitcoin
2025-02-12 00:00:00,95739.97737079239,bitcoin
2025-02-13 00:00:00,97836.18856127483,bitcoin
2025-02-14 00:00:00,96561.6639990985,bitcoin
2025-02-15 00:00:00,97488.48148536457,bitcoin
2025-02-16 00:00:00,97569.95169430465,bitcoin
2025-02-17 00:00:00,96149.3484548204,bitcoin
2025-02-18 00:00:00,95776.15723852723,bitcoin
2025-02-19 00:00:00,95495.89153299287,bitcoin
2025-02-20 00:00:00,96554.87156259285,bitcoin
2025-02-21 00:00:00,98384.31738240314,bitcoin
2025-02-22 00:00:00,96135.15541305285,bitcoin
2025-02-23 00:00:00,96564.15414290235,bitcoin
2025-02-24 00:00:00,96327.46309127835,bitcoin
2025-02-25 00:00:00,91396.76686930266,bitcoin
2025-02-26 00:00:00,88755.7693356979,bitcoin
2025-02-27 00:00:00,83900.11496524839,bitcoin
2025-02-28 00:00:00,84709.14477847965,bitcoin
2025-03-01 00:00:00,84441.9012237131,bitcoin
2025-03-02 00:00:00,86005.25629681018,bitcoin
2025-03-03 00:00:00,94261.53286538439,bitcoin
2025-03-04 00:00:00,86124.71418722175,bitcoin
2025-03-05 00:00:00,87310.80531078295,bitcoin
2025-03-06 00:00:00,90604.08098523637,bitcoin
2025-03-07 00:00:00,90001.40087607042,bitcoin
2025-03-08 00:00:00,86773.33597555371,bitcoin
2025-03-09 00:00:00,86142.9833586432,bitcoin
2025-03-10 00:00:00,80751.13893300897,bitcoin
2025-03-11 00:00:00,78783.94057934263,bitcoin
2025-03-12 00:00:00,82799.1080292053,bitcoin
2025-03-13 00:00:00,83884.24578828987,bitcoin
2025-03-14 00:00:00,81098.90052436228,bitcoin
2025-03-15 00:00:00,83971.70916064628,bitcoin
2025-03-16 00:00:00,84391.69087647168,bitcoin
2025-03-17 00:00:00,82610.61750343916,bitcoin
2025-03-18 00:00:00,84075.36559694471,bitcoin
2025-03-19 00:00:00,82780.03048688271,bitcoin
2025-03-20 00:00:00,86815.44109470697,bitcoin
2025-03-21 00:00:00,84270.84358966233,bitcoin
2025-03-22 00:00:00,84009.532917822,bitcoin
2025-03-23 00:00:00,83793.30854192551,bitcoin
2025-03-24 00:00:00,85787.70914901773,bitcoin
2025-03-25 00:00:00,87327.72969669085,bitcoin
2025-03-26 00:00:00,87520.58391530563,bitcoin
2025-03-27 00:00:00,86960.8555491039,bitcoin
2025-03-28 00:00:00,87227.27158032371,bitcoin
2025-03-29 00:00:00,84359.46915506005,bitcoin
2025-03-30 00:00:00,82679.17255385047,bitcoin
2025-03-31 00:00:00,82356.38111183756,bitcoin
2025-04-01 00:00:00,82514.09365397849,bitcoin
2025-04-02 00:00:00,85237.5876052852,bitcoin
2025-04-03 00:00:00,82526.4221526433,bitcoin
2025-04-04 00:00:00,83163.98757387721,bitcoin
2025-04-05 00:00:00,83852.00765399594,bitcoin
2025-04-06 00:00:00,83595.88550177493,bitcoin
2025-04-07 00:00:00,78211.48358199988,bitcoin
2025-04-08 00:00:00,79179.29226757778,bitcoin
2025-04-09 00:00:00,76329.090356324,bitcoin
2025-04-10 00:00:00,82622.17029546302,bitcoin
2025-04-11 00:00:00,79596.35732250768,bitcoin
2025-04-12 00:00:00,83439.28818043756,bitcoin
2025-04-13 00:00:00,85305.09728392666,bitcoin
2025-04-14 00:00:00,83600.82010054543,bitcoin
2025-04-15 00:00:00,84523.4524914945,bitcoin
2025-04-16 00:00:00,83656.49248858042,bitcoin
2025-04-17 00:00:00,84105.77942167096,bitcoin
2025-04-18 00:00:00,84930.90857600998,bitcoin
2025-04-19 00:00:00,84433.75017215389,bitcoin
2025-04-20 00:00:00,85126.66244301842,bitcoin
2025-04-21 00:00:00,85073.16544858096,bitcoin
2025-04-22 00:00:00,87452.04699068287,bitcoin
2025-04-23 00:00:00,93576.16588573981,bitcoin
2025-04-24 00:00:00,93605.45230873208,bitcoin
2025-04-25 00:00:00,93872.81422867288,bitcoin
2025-04-26 00:00:00,94773.11200643536,bitcoin
2025-04-27 00:00:00,94644.06637120107,bitcoin
2025-04-28 00:00:00,93809.33781968223,bitcoin
2025-04-29 00:00:00,95030.60645474444,bitcoin
2025-04-30 00:00:00,94256.35946318062,bitcoin
2025-05-01 00:00:00,94235.75331048167,bitcoin
2025-05-02 00:00:00,96426.94522273027,bitcoin
2025-05-03 00:00:00,96855.5681343944,bitcoin
2025-05-04 00:00:00,95922.86842404422,bitcoin
2025-05-05 00:00:00,94326.62048529249,bitcoin
2025-05-06 00:00:00,94758.8237105546,bitcoin
2025-05-07 00:00:00,96854.53198815876,bitcoin
2025-05-08 00:00:00,97026.49376966801,bitcoin
2025-05-09 00:00:00,103076.27555512934,bitcoin
2025-05-10 00:00:00,102962.54045692299,bitcoin
2025-05-11 00:00:00,104630.8792994166,bitcoin
2025-05-12 00:00:00,103994.061616746,bitcoin
2025-05-13 00:00:00,102876.8304286011,bitcoin
2025-05-14 00:00:00,104184.49039270742,bitcoin
2025-05-15 00:00:00,103594.42575090709,bitcoin
2025-05-16 00:00:00,103708.85136423641,bitcoin
2025-05-17 00:00:00,103556.03493982446,bitcoin
2025-05-18 00:00:00,103212.36483885496,bitcoin
2025-05-19 00:00:00,106030.6376831359,bitcoin
2025-05-20 00:00:00,105629.41580436694,bitcoin
2025-05-21 00:00:00,106786.71995834043,bitcoin
2025-05-22 00:00:00,109665.86371625263,bitcoin
2025-05-23 00:00:00,111560.356938144,bitcoin
2025-05-24 00:00:00,107216.66856870624,bitcoin
2025-05-25 00:00:00,107831.36374380375,bitcoin
2025-05-26 00:00:00,108861.81037744327,bitcoin
2025-05-27 00:00:00,109377.71513263129,bitcoin
2025-05-28 00:00:00,109068.45694901445,bitcoin
2025-05-29 00:00:00,107838.18431100152,bitcoin
2025-05-30 00:00:00,105745.41660358038,bitcoin
2025-05-31 00:00:00,104010.91956242644,bitcoin
2025-06-01 00:00:00,104687.50742934884,bitcoin
2025-06-02 00:00:00,105710.00593822816,bitcoin
2025-06-03 00:00:00,105884.74263221149,bitcoin
2025-06-04 00:00:00,105434.47745144971,bitcoin
2025-06-05 00:00:00,104812.9182188067,bitcoin
2025-06-06 00:00:00,101650.7387545425,bitcoin
2025-06-07 00:00:00,104409.74967959142,bitcoin
2025-06-08 00:00:00,105681.4546141758,bitcoin
2025-06-09 00:00:00,105692.24740699006,bitcoin
2025-06-10 00:00:00,110261.57485948496,bitcoin
2025-06-11 00:00:00,110212.73252109604,bitcoin
2025-06-12 00:00:00,108679.9760916168,bitcoin
2025-06-13 00:00:00,105979.22902375912,bitcoin
2025-06-14 00:00:00,106045.56440819203,bitcoin
2025-06-15 00:00:00,105482.90611628917,bitcoin
2025-06-16 00:00:00,105554.49383061715,bitcoin
2025-06-17 00:00:00,106951.2720181497,bitcoin
2025-06-18 00:00:00,104683.42479835715,bitcoin
2025-06-19 00:00:00,104722.695052907,bitcoin
2025-06-20 00:00:00,104690.65002458123,bitcoin
2025-06-21 00:00:00,103290.105144757,bitcoin
2025-06-22 00:00:00,101532.5683847329,bitcoin
2025-06-23 00:00:00,100852.58264648831,bitcoin
2025-06-24 00:00:00,105511.62437933135,bitcoin
2025-06-25 00:00:00,105976.06929808448,bitcoin
2025-06-26 00:00:00,107238.53045016268,bitcoin
2025-06-27 00:00:00,106984.01253775663,bitcoin
2025-06-28 00:00:00,107078.91560644074,bitcoin
2025-06-29 00:00:00,107331.58548463577,bitcoin
2025-06-30 00:00:00,108396.61631317894,bitcoin
2025-07-01 00:00:00,107132.79910701896,bitcoin
2025-07-02 00:00:00,105613.39974163055,bitcoin
2025-07-03 00:00:00,108824.44423167943,bitcoin
2025-07-04 00:00:00,109602.20483914016,bitcoin
2025-07-05 00:00:00,108040.8919400104,bitcoin
2025-07-06 00:00:00,108217.46849992426,bitcoin
2025-07-07 00:00:00,109215.19771840284,bitcoin
2025-07-08 00:00:00,108300.71675785031,bitcoin
2025-07-09 00:00:00,108953.19187727802,bitcoin
2025-07-10 00:00:00,111327.53054245669,bitcoin
2025-07-11 00:00:00,115879.65030112496,bitcoin
2025-07-12 00:00:00,117571.02510036016,bitcoin
2025-07-13 00:00:00,117418.95745007684,bitcoin
2025-07-14 00:00:00,119117.55666327637,bitcoin
2025-07-15 00:00:00,119833.67446712355,bitcoin
2025-07-16 00:00:00,117678.19493404306,bitcoin
2025-07-17 00:00:00,118748.1627367753,bitcoin
2025-07-18 00:00:00,119445.36520434043,bitcoin
2025-07-19 00:00:00,117988.94664455787,bitcoin
2025-07-20 00:00:00,117901.62655900871,bitcoin
2025-07-21 00:00:00,117256.9208222684,bitcoin
2025-07-22 00:00:00,117482.46977767294,bitcoin
2025-07-23 00:00:00,119955.79570607653,bitcoin
2025-07-24 00:00:00,118629.05588130427,bitcoin
2025-07-25 00:00:00,118354.43517438594,bitcoin
2025-07-26 00:00:00,117540.80837085741,bitcoin
2025-07-27 00:00:00,117959.54234360624,bitcoin
2025-07-28 00:00:00,119418.91405141471,bitcoin
2025-07-29 00:00:00,118003.30201607826,bitcoin
2025-07-30 00:00:00,117853.30892863822,bitcoin
2025-07-31 00:00:00,117833.24087995925,bitcoin
2025-08-01 00:00:00,115700.00243915782,bitcoin
2025-08-02 00:00:00,113234.6051343189,bitcoin
2025-08-03 00:00:00,112554.90232221723,bitcoin
2025-08-04 00:00:00,114199.10966460757,bitcoin
2025-08-05 00:00:00,115138.68613070177,bitcoin
2025-08-06 00:00:00,114128.35408881678,bitcoin
2025-08-07 00:00:00,115022.09576830892,bitcoin
2025-08-08 00:00:00,117463.47451085235,bitcoin
2025-08-09 00:00:00,116688.36663186055,bitcoin
2025-08-10 00:00:00,116510.08393213755,bitcoin
2025-08-11 00:00:00,119266.92516880555,bitcoin
2025-08-12 00:00:00,118773.79960860992,bitcoin
2025-08-13 00:00:00,120202.53485503166,bitcoin
2025-08-14 00:00:00,123560.99363577305,bitcoin
2025-08-15 00:00:00,118405.59579823953,bitcoin
2025-08-16 00:00:00,117339.79190213277,bitcoin
2025-08-17 00:00:00,117501.21653394958,bitcoin
2025-08-18 00:00:00,117542.83687778088,bitcoin
2025-08-19 00:00:00,116256.41276740946,bitcoin
2025-08-20 00:00:00,112778.34483555844,bitcoin
2025-08-21 00:00:00,114252.39755195397,bitcoin
2025-08-22 00:00:00,112414.39987336512,bitcoin
2025-08-23 00:00:00,116834.24948202295,bitcoin
2025-08-24 00:00:00,115359.98346714744,bitcoin
2025-08-25 00:00:00,113399.54847314971,bitcoin
2025-08-26 00:00:00,110185.35443900425,bitcoin
2025-08-27 00:00:00,111842.70999260596,bitcoin
2025-08-28 00:00:00,111216.08479629169,bitcoin
2025-08-29 00:00:00,112525.59740669793,bitcoin
2025-08-30 00:00:00,108480.30666639366,bitcoin
2025-08-31 00:00:00,108781.95727925687,bitcoin
2025-09-01 00:00:00,108253.36092385623,bitcoin
2025-09-02 00:00:00,109162.68557992298,bitcoin
2025-09-03 00:00:00,111190.18209845416,bitcoin
2025-09-04 00:00:00,111711.51977725117,bitcoin
2025-09-05 00:00:00,110724.736377486,bitcoin
2025-09-06 00:00:00,110662.18112628513,bitcoin
2025-09-07 00:00:00,110209.1888247784,bitcoin
2025-09-07 14:54:02,111139.33929896465,bitcoin
2024-09-08 00:00:00,2272.6972849951912,ethereum
2024-09-09 00:00:00,2296.4029520764498,ethereum
2024-09-10 00:00:00,2359.565766831627,ethereum
2024-09-11 00:00:00,2389.4740111256497,ethereum
2024-09-12 00:00:00,2342.9639236941434,ethereum
2024-09-13 00:00:00,2362.300238174588,ethereum
2024-09-14 00:00:00,2445.08621032297,ethereum
2024-09-15 00:00:00,2418.0828083179904,ethereum
2024-09-16 00:00:00,2322.6433317480564,ethereum
2024-09-17 00:00:00,2295.1348386540835,ethereum
2024-09-18 00:00:00,2341.0924132597524,ethereum
2024-09-19 00:00:00,2361.960992100706,ethereum
2024-09-20 00:00:00,2465.2347833172967,ethereum
2024-09-21 00:00:00,2557.6218555442515,ethereum
2024-09-22 00:00:00,2614.599604753501,ethereum
2024-09-23 00:00:00,2582.847683741262,ethereum
2024-09-24 00:00:00,2647.9931622033255,ethereum
2024-09-25 00:00:00,2653.844345308008,ethereum
2024-09-26 00:00:00,2578.566359563475,ethereum
2024-09-27 00:00:00,2630.94983700893,ethereum
2024-09-28 00:00:00,2698.1928212346033,ethereum
2024-09-29 00:00:00,2680.218702062471,ethereum
2024-09-30 00:00:00,2659.611211611689,ethereum
2024-10-01 00:00:00,2597.3411516834435,ethereum
2024-10-02 00:00:00,2451.631522589772,ethereum
2024-10-03 00:00:00,2365.231040243019,ethereum
2024-10-04 00:00:00,2348.0048369247393,ethereum
2024-10-05 00:00:00,2416.9184055552637,ethereum
2024-10-06 00:00:00,2415.4038137445546,ethereum
2024-10-07 00:00:00,2438.030912544012,ethereum
2024-10-08 00:00:00,2422.7506412955013,ethereum
2024-10-09 00:00:00,2441.4651696200294,ethereum
2024-10-10 00:00:00,2367.615096789395,ethereum
2024-10-11 00:00:00,2381.7817088014776,ethereum
2024-10-12 00:00:00,2435.7137843692162,ethereum
2024-10-13 00:00:00,2477.6130275578225,ethereum
2024-10-14 00:00:00,2466.8607267086663,ethereum
2024-10-15 00:00:00,2628.504376157751,ethereum
2024-10-16 00:00:00,2602.0760435960988,ethereum
2024-10-17 00:00:00,2611.700159182395,ethereum
2024-10-18 00:00:00,2603.1202923346113,ethereum
2024-10-19 00:00:00,2643.156520987104,ethereum
2024-10-20 00:00:00,2649.979289580214,ethereum
2024-10-21 00:00:00,2742.9591411600395,ethereum
2024-10-22 00:00:00,2665.731938974013,ethereum
2024-10-23 00:00:00,2619.5653130506435,ethereum
2024-10-24 00:00:00,2524.1038563091197,ethereum
2024-10-25 00:00:00,2536.234041319884,ethereum
2024-10-26 00:00:00,2422.09328922875,ethereum
2024-10-27 00:00:00,2479.3736032443317,ethereum
2024-10-28 00:00:00,2505.502947138879,ethereum
2024-10-29 00:00:00,2564.8138556782997,ethereum
2024-10-30 00:00:00,2638.637351278122,ethereum
2024-10-31 00:00:00,2657.6141818494384,ethereum
2024-11-01 00:00:00,2514.750787241073,ethereum
2024-11-02 00:00:00,2513.8372870612066,ethereum
2024-11-03 00:00:00,2491.352150058657,ethereum
2024-11-04 00:00:00,2456.979687344711,ethereum
2024-11-05 00:00:00,2395.9472139132804,ethereum
2024-11-06 00:00:00,2422.368479855642,ethereum
2024-11-07 00:00:00,2720.6217450068793,ethereum
2024-11-08 00:00:00,2894.9718733838376,ethereum
2024-11-09 00:00:00,2960.9593369382137,ethereum
2024-11-10 00:00:00,3130.035524073996,ethereum
2024-11-11 00:00:00,3191.9044555518153,ethereum
2024-11-12 00:00:00,3372.7914863430115,ethereum
2024-11-13 00:00:00,3260.934386131155,ethereum
2024-11-14 00:00:00,3191.8991843987947,ethereum
2024-11-15 00:00:00,3059.812296932496,ethereum
2024-11-16 00:00:00,3093.913043390382,ethereum
2024-11-17 00:00:00,3133.8802234191417,ethereum
2024-11-18 00:00:00,3075.534532601624,ethereum
2024-11-19 00:00:00,3209.4239073326826,ethereum
2024-11-20 00:00:00,3112.9098010150224,ethereum
2024-11-21 00:00:00,3075.193856649331,ethereum
2024-11-22 00:00:00,3365.9369715466096,ethereum
2024-11-23 00:00:00,3327.7571951719624,ethereum
2024-11-24 00:00:00,3394.036961782547,ethereum
2024-11-25 00:00:00,3368.7027619429946,ethereum
2024-11-26 00:00:00,3417.291223691937,ethereum
2024-11-27 00:00:00,3325.636532587645,ethereum
2024-11-28 00:00:00,3666.1884904377557,ethereum
2024-11-29 00:00:00,3579.2407862474997,ethereum
2024-11-30 00:00:00,3598.1933212253616,ethereum
2024-12-01 00:00:00,3709.9094391073327,ethereum
2024-12-02 00:00:00,3708.8072387383017,ethereum
2024-12-03 00:00:00,3643.855375704235,ethereum
2024-12-04 00:00:00,3625.7104579497204,ethereum
2024-12-05 00:00:00,3839.443460715871,ethereum
2024-12-06 00:00:00,3796.8688671601276,ethereum
2024-12-07 00:00:00,4013.726145388712,ethereum
2024-12-08 00:00:00,4000.992076502189,ethereum
2024-12-09 00:00:00,4015.7820212328807,ethereum
2024-12-10 00:00:00,3713.3138979971745,ethereum
2024-12-11 00:00:00,3626.5886417774996,ethereum
2024-12-12 00:00:00,3828.1075883404096,ethereum
2024-12-13 00:00:00,3878.850012073054,ethereum
2024-12-14 00:00:00,3907.4296595053356,ethereum
2024-12-15 00:00:00,3866.9958020348054,ethereum
2024-12-16 00:00:00,3961.3154661802305,ethereum
2024-12-17 00:00:00,3992.857195846062,ethereum
2024-12-18 00:00:00,3879.4062240100893,ethereum
2024-12-19 00:00:00,3628.2624780444953,ethereum
2024-12-20 00:00:00,3434.6754695380805,ethereum
2024-12-21 00:00:00,3468.658920056454,ethereum
2024-12-22 00:00:00,3337.5972231166807,ethereum
2024-12-23 00:00:00,3275.8894274015142,ethereum
2024-12-24 00:00:00,3414.6414419807993,ethereum
2024-12-25 00:00:00,3497.555287927574,ethereum
2024-12-26 00:00:00,3494.5109273631047,ethereum
2024-12-27 00:00:00,3327.7897761683494,ethereum
2024-12-28 00:00:00,3328.6111553091764,ethereum
2024-12-29 00:00:00,3397.8341205085153,ethereum
2024-12-30 00:00:00,3357.330742971463,ethereum
2024-12-31 00:00:00,3359.513941757392,ethereum
2025-01-01 00:00:00,3336.6175137659498,ethereum
2025-01-02 00:00:00,3348.967247123586,ethereum
2025-01-03 00:00:00,3448.140436960939,ethereum
2025-01-04 00:00:00,3604.2913795931763,ethereum
2025-01-05 00:00:00,3660.37804173532,ethereum
2025-01-06 00:00:00,3635.8549961807084,ethereum
2025-01-07 00:00:00,3687.1447140588307,ethereum
2025-01-08 00:00:00,3380.0211263090155,ethereum
2025-01-09 00:00:00,3325.1300293537356,ethereum
2025-01-10 00:00:00,3219.09284475812,ethereum
2025-01-11 00:00:00,3269.1759954060667,ethereum
2025-01-12 00:00:00,3283.591322828503,ethereum
2025-01-13 00:00:00,3264.070968533687,ethereum
2025-01-14 00:00:00,3134.5520394596483,ethereum
2025-01-15 00:00:00,3224.8006483414138,ethereum
2025-01-16 00:00:00,3447.0340476747956,ethereum
2025-01-17 00:00:00,3309.4466139900196,ethereum
2025-01-18 00:00:00,3477.284285084809,ethereum
2025-01-19 00:00:00,3309.0995676199964,ethereum
2025-01-20 00:00:00,3208.1365439891497,ethereum
2025-01-21 00:00:00,3263.069869880814,ethereum
2025-01-22 00:00:00,3326.0285404709143,ethereum
2025-01-23 00:00:00,3237.2996671291435,ethereum
2025-01-24 00:00:00,3332.580893146162,ethereum
2025-01-25 00:00:00,3311.8499838687,ethereum
2025-01-26 00:00:00,3320.1314101789453,ethereum
2025-01-27 00:00:00,3232.2767744705584,ethereum
2025-01-28 00:00:00,3173.5346079397173,ethereum
2025-01-29 00:00:00,3076.4937692857234,ethereum
2025-01-30 00:00:00,3114.4358854363104,ethereum
2025-01-31 00:00:00,3248.249484352305,ethereum
2025-02-01 00:00:00,3296.390634843652,ethereum
2025-02-02 00:00:00,3125.0386801320924,ethereum
2025-02-03 00:00:00,2862.6976188716285,ethereum
2025-02-04 00:00:00,2877.8138239498767,ethereum
2025-02-05 00:00:00,2740.3809762760143,ethereum
2025-02-06 00:00:00,2790.5521609256075,ethereum
2025-02-07 00:00:00,2686.662316793651,ethereum
2025-02-08 00:00:00,2623.4507017824767,ethereum
2025-02-09 00:00:00,2635.6011418023404,ethereum
2025-02-10 00:00:00,2632.5358220552475,ethereum
2025-02-11 00:00:00,2660.2967996436387,ethereum
2025-02-12 00:00:00,2603.0333698049267,ethereum
2025-02-13 00:00:00,2736.2703136032396,ethereum
2025-02-14 00:00:00,2675.7090007037627,ethereum
2025-02-15 00:00:00,2724.6698335873957,ethereum
2025-02-16 00:00:00,2692.8213863864253,ethereum
2025-02-17 00:00:00,2659.9017474093457,ethereum
2025-02-18 00:00:00,2741.9050800956124,ethereum
2025-02-19 00:00:00,2669.4945006896073,ethereum
2025-02-20 00:00:00,2714.8018364720533,ethereum
2025-02-21 00:00:00,2741.5933625994785,ethereum
2025-02-22 00:00:00,2658.3470942919384,ethereum
2025-02-23 00:00:00,2764.355233404291,ethereum
2025-02-24 00:00:00,2827.1844084879804,ethereum
2025-02-25 00:00:00,2503.103420098605,ethereum
2025-02-26 00:00:00,2495.315451693047,ethereum
2025-02-27 00:00:00,2325.853934699374,ethereum
2025-02-28 00:00:00,2305.3229378029837,ethereum
2025-03-01 00:00:00,2235.204208608959,ethereum
2025-03-02 00:00:00,2212.8243514969954,ethereum
2025-03-03 00:00:00,2517.3382391622977,ethereum
2025-03-04 00:00:00,2148.199533470228,ethereum
2025-03-05 00:00:00,2171.496943535016,ethereum
2025-03-06 00:00:00,2241.3841149187283,ethereum
2025-03-07 00:00:00,2202.3207363495417,ethereum
2025-03-08 00:00:00,2140.7498089428914,ethereum
2025-03-09 00:00:00,2199.9995000805707,ethereum
2025-03-10 00:00:00,2017.265460184326,ethereum
2025-03-11 00:00:00,1879.1231054991026,ethereum
2025-03-12 00:00:00,1921.3099227587034,ethereum
2025-03-13 00:00:00,1910.6551381032464,ethereum
2025-03-14 00:00:00,1862.7949366490388,ethereum
2025-03-15 00:00:00,1910.6662703455045,ethereum
2025-03-16 00:00:00,1939.7856881721348,ethereum
2025-03-17 00:00:00,1887.7643429692785,ethereum
2025-03-18 00:00:00,1929.1833577618722,ethereum
2025-03-19 00:00:00,1932.7964059050657,ethereum
2025-03-20 00:00:00,2060.728601068271,ethereum
2025-03-21 00:00:00,1980.831780524645,ethereum
2025-03-22 00:00:00,1964.5293833168294,ethereum
2025-03-23 00:00:00,1979.5449257665966,ethereum
2025-03-24 00:00:00,2001.0470230951883,ethereum
2025-03-25 00:00:00,2077.739325831977,ethereum
2025-03-26 00:00:00,2068.598435049149,ethereum
2025-03-27 00:00:00,2009.8835432902426,ethereum
2025-03-28 00:00:00,2003.3034241292064,ethereum
2025-03-29 00:00:00,1896.9173600459985,ethereum
2025-03-30 00:00:00,1829.2745211803463,ethereum
2025-03-31 00:00:00,1805.3378779435934,ethereum
2025-04-01 00:00:00,1824.2071367609847,ethereum
2025-04-02 00:00:00,1907.1671522994227,ethereum
2025-04-03 00:00:00,1795.761850567479,ethereum
2025-04-04 00:00:00,1818.2844199542053,ethereum
2025-04-05 00:00:00,1814.4807753449506,ethereum
2025-04-06 00:00:00,1809.935827172196,ethereum
2025-04-07 00:00:00,1574.6321611455576,ethereum
2025-04-08 00:00:00,1555.909812570873,ethereum
2025-04-09 00:00:00,1471.3608854365523,ethereum
2025-04-10 00:00:00,1662.5331604641576,ethereum
2025-04-11 00:00:00,1523.928624242526,ethereum
2025-04-12 00:00:00,1568.131690125936,ethereum
2025-04-13 00:00:00,1645.8625733156498,ethereum
2025-04-14 00:00:00,1595.4227460001084,ethereum
2025-04-15 00:00:00,1621.543195596693,ethereum
2025-04-16 00:00:00,1587.8222244021401,ethereum
2025-04-17 00:00:00,1577.7073516760117,ethereum
2025-04-18 00:00:00,1583.4764497002345,ethereum
2025-04-19 00:00:00,1589.1516208270755,ethereum
2025-04-20 00:00:00,1615.0502549158562,ethereum
2025-04-21 00:00:00,1585.4600253443446,ethereum
2025-04-22 00:00:00,1577.4465595922347,ethereum
2025-04-23 00:00:00,1759.7064599311093,ethereum
2025-04-24 00:00:00,1793.969849485534,ethereum
2025-04-25 00:00:00,1769.3925107354407,ethereum
2025-04-26 00:00:00,1788.7981804331257,ethereum
2025-04-27 00:00:00,1821.2695303291391,ethereum
2025-04-28 00:00:00,1793.6918440730135,ethereum
2025-04-29 00:00:00,1799.50191449199,ethereum
2025-04-30 00:00:00,1796.9720456768928,ethereum
2025-05-01 00:00:00,1794.0495408617828,ethereum
2025-05-02 00:00:00,1838.8543285925753,ethereum
2025-05-03 00:00:00,1841.427590836958,ethereum
2025-05-04 00:00:00,1834.501911876416,ethereum
2025-05-05 00:00:00,1808.156093844096,ethereum
2025-05-06 00:00:00,1820.0044598893596,ethereum
2025-05-07 00:00:00,1816.1686943818438,ethereum
2025-05-08 00:00:00,1810.3169269284476,ethereum
2025-05-09 00:00:00,2197.5611893238784,ethereum
2025-05-10 00:00:00,2341.407963002621,ethereum
2025-05-11 00:00:00,2583.6829051429513,ethereum
2025-05-12 00:00:00,2507.4693107597423,ethereum
2025-05-13 00:00:00,2492.426391077375,ethereum
2025-05-14 00:00:00,2676.639163127913,ethereum
2025-05-15 00:00:00,2603.7180887199615,ethereum
2025-05-16 00:00:00,2542.296692466797,ethereum
2025-05-17 00:00:00,2544.3870377235667,ethereum
2025-05-18 00:00:00,2475.0543933696913,ethereum
2025-05-19 00:00:00,2465.3409856139087,ethereum
2025-05-20 00:00:00,2526.989643891319,ethereum
2025-05-21 00:00:00,2524.2743433146065,ethereum
2025-05-22 00:00:00,2558.9502343769486,ethereum
2025-05-23 00:00:00,2657.1674447566115,ethereum
2025-05-24 00:00:00,2519.813809045145,ethereum
2025-05-25 00:00:00,2529.4429842284353,ethereum
2025-05-26 00:00:00,2546.6201163370915,ethereum
2025-05-27 00:00:00,2562.1729286392238,ethereum
2025-05-28 00:00:00,2662.0940568241435,ethereum
2025-05-29 00:00:00,2676.2674124507,ethereum
2025-05-30 00:00:00,2633.1392065286695,ethereum
2025-05-31 00:00:00,2524.4762348050726,ethereum
2025-06-01 00:00:00,2532.3627853090866,ethereum
2025-06-02 00:00:00,2538.3300584367485,ethereum
2025-06-03 00:00:00,2609.737253959435,ethereum
2025-06-04 00:00:00,2595.4689570062997,ethereum
2025-06-05 00:00:00,2610.343189828259,ethereum
2025-06-06 00:00:00,2421.601103763502,ethereum
2025-06-07 00:00:00,2481.4039836690267,ethereum
2025-06-08 00:00:00,2526.291995889778,ethereum
2025-06-09 00:00:00,2508.784123584585,ethereum
2025-06-10 00:00:00,2685.0001850413178,ethereum
2025-06-11 00:00:00,2808.503208314919,ethereum
2025-06-12 00:00:00,2776.1371915822333,ethereum
2025-06-13 00:00:00,2653.158968452672,ethereum
2025-06-14 00:00:00,2577.04861752583,ethereum
2025-06-15 00:00:00,2534.0702195359518,ethereum
2025-06-16 00:00:00,2547.8456040920437,ethereum
2025-06-17 00:00:00,2561.329843569428,ethereum
2025-06-18 00:00:00,2514.986700576147,ethereum
2025-06-19 00:00:00,2521.3334233964915,ethereum
2025-06-20 00:00:00,2522.1791903642184,ethereum
2025-06-21 00:00:00,2405.695434213183,ethereum
2025-06-22 00:00:00,2270.581996055585,ethereum
2025-06-23 00:00:00,2227.4287266371684,ethereum
2025-06-24 00:00:00,2423.899644268608,ethereum
2025-06-25 00:00:00,2446.539301545049,ethereum
2025-06-26 00:00:00,2417.2267855277296,ethereum
2025-06-27 00:00:00,2415.031864876594,ethereum
2025-06-28 00:00:00,2423.0302896731746,ethereum
2025-06-29 00:00:00,2437.133001780241,ethereum
2025-06-30 00:00:00,2502.6672721177083,ethereum
2025-07-01 00:00:00,2488.190781689803,ethereum
2025-07-02 00:00:00,2405.1045592800183,ethereum
2025-07-03 00:00:00,2574.067718495133,ethereum
2025-07-04 00:00:00,2590.132231590221,ethereum
2025-07-05 00:00:00,2509.236345783362,ethereum
2025-07-06 00:00:00,2517.37917835065,ethereum
2025-07-07 00:00:00,2571.358192115984,ethereum
2025-07-08 00:00:00,2543.6317028067488,ethereum
2025-07-09 00:00:00,2615.7759888945047,ethereum
2025-07-10 00:00:00,2772.5795626609174,ethereum
2025-07-11 00:00:00,2948.4462027029053,ethereum
2025-07-12 00:00:00,2958.8514450990992,ethereum
2025-07-13 00:00:00,2942.9616055388096,ethereum
2025-07-14 00:00:00,2974.2654952333387,ethereum
2025-07-15 00:00:00,3012.1797069059276,ethereum
2025-07-16 00:00:00,3133.069857747011,ethereum
2025-07-17 00:00:00,3368.126521526108,ethereum
2025-07-18 00:00:00,3481.8828152374017,ethereum
2025-07-19 00:00:00,3547.317079001209,ethereum
2025-07-20 00:00:00,3594.3185010809702,ethereum
2025-07-21 00:00:00,3758.605581813957,ethereum
2025-07-22 00:00:00,3765.453624023574,ethereum
2025-07-23 00:00:00,3746.9406687316323,ethereum
2025-07-24 00:00:00,3630.053531480921,ethereum
2025-07-25 00:00:00,3708.4299352383423,ethereum
2025-07-26 00:00:00,3723.0529092785596,ethereum
2025-07-27 00:00:00,3742.4314258659915,ethereum
2025-07-28 00:00:00,3864.1248374654765,ethereum
2025-07-29 00:00:00,3786.303845995956,ethereum
2025-07-30 00:00:00,3788.5983716058226,ethereum
2025-07-31 00:00:00,3807.4166010824188,ethereum
2025-08-01 00:00:00,3696.6628530851194,ethereum
2025-08-02 00:00:00,3483.1789551579504,ethereum
2025-08-03 00:00:00,3397.4855484143177,ethereum
2025-08-04 00:00:00,3497.573127822404,ethereum
2025-08-05 00:00:00,3715.7090148550706,ethereum
2025-08-06 00:00:00,3612.442432236669,ethereum
2025-08-07 00:00:00,3684.0459195726726,ethereum
2025-08-08 00:00:00,3911.2609462690816,ethereum
2025-08-09 00:00:00,4012.97697001236,ethereum
2025-08-10 00:00:00,4265.563258333516,ethereum
2025-08-11 00:00:00,4253.591618951185,ethereum
2025-08-12 00:00:00,4228.824213261163,ethereum
2025-08-13 00:00:00,4606.809427709522,ethereum
2025-08-14 00:00:00,4763.652535322159,ethereum
2025-08-15 00:00:00,4554.291501538621,ethereum
2025-08-16 00:00:00,4430.532465017841,ethereum
2025-08-17 00:00:00,4426.826913311333,ethereum
2025-08-18 00:00:00,4487.118013759226,ethereum
2025-08-19 00:00:00,4317.2757573282315,ethereum
2025-08-20 00:00:00,4074.495786100515,ethereum
2025-08-21 00:00:00,4330.491598768078,ethereum
2025-08-22 00:00:00,4224.438592580698,ethereum
2025-08-23 00:00:00,4829.225541798332,ethereum
2025-08-24 00:00:00,4773.884088598777,ethereum
2025-08-25 00:00:00,4778.10916071381,ethereum
2025-08-26 00:00:00,4381.626176071471,ethereum
2025-08-27 00:00:00,4602.369685333965,ethereum
2025-08-28 00:00:00,4500.1451479982325,ethereum
2025-08-29 00:00:00,4507.560431032719,ethereum
2025-08-30 00:00:00,4364.358521430426,ethereum
2025-08-31 00:00:00,4373.360357620914,ethereum
2025-09-01 00:00:00,4388.931464519364,ethereum
2025-09-02 00:00:00,4303.202222745541,ethereum
2025-09-03 00:00:00,4325.856306225941,ethereum
2025-09-04 00:00:00,4449.8670977283255,ethereum
2025-09-05 00:00:00,4298.094660544595,ethereum
2025-09-06 00:00:00,4306.613513100346,ethereum
2025-09-07 00:00:00,4273.110024157841,ethereum
2025-09-07 14:53:55,4301.811917526779,ethereum
2024-09-08 00:00:00,62.0871401433864,litecoin
2024-09-09 00:00:00,60.84044222255631,litecoin
2024-09-10 00:00:00,61.437610415209,litecoin
2024-09-11 00:00:00,61.55995011946728,litecoin
2024-09-12 00:00:00,62.13463413601792,litecoin
2024-09-13 00:00:00,62.81332005526375,litecoin
2024-09-14 00:00:00,64.9637247449191,litecoin
2024-09-15 00:00:00,65.99021255867723,litecoin
2024-09-16 00:00:00,63.37723084262069,litecoin
2024-09-17 00:00:00,62.53037701540843,litecoin
2024-09-18 00:00:00,63.71780354037568,litecoin
2024-09-19 00:00:00,64.71198311188039,litecoin
2024-09-20 00:00:00,65.43731144078264,litecoin
2024-09-21 00:00:00,65.22526467740207,litecoin
2024-09-22 00:00:00,66.99566140629594,litecoin
2024-09-23 00:00:00,68.52245754612473,litecoin
2024-09-24 00:00:00,67.04130920570583,litecoin
2024-09-25 00:00:00,66.72175221201792,litecoin
2024-09-26 00:00:00,66.64582498588712,litecoin
2024-09-27 00:00:00,68.46073146299312,litecoin
2024-09-28 00:00:00,71.16953181527641,litecoin
2024-09-29 00:00:00,70.04731540623827,litecoin
2024-09-30 00:00:00,69.34163165685887,litecoin
2024-10-01 00:00:00,66.73510561539003,litecoin
2024-10-02 00:00:00,63.39590007456649,litecoin
2024-10-03 00:00:00,62.92579535344942,litecoin
2024-10-04 00:00:00,63.38715150269625,litecoin
2024-10-05 00:00:00,64.95497697781556,litecoin
2024-10-06 00:00:00,66.21968705269899,litecoin
2024-10-07 00:00:00,67.03474815129857,litecoin
2024-10-08 00:00:00,64.8150717437226,litecoin
2024-10-09 00:00:00,65.63756304141515,litecoin
2024-10-10 00:00:00,64.52724070362842,litecoin
2024-10-11 00:00:00,64.20079841251103,litecoin
2024-10-12 00:00:00,65.4981703732412,litecoin
2024-10-13 00:00:00,66.23378927275857,litecoin
2024-10-14 00:00:00,64.7006049422069,litecoin
2024-10-15 00:00:00,66.79626361652225,litecoin
2024-10-16 00:00:00,70.7688808251603,litecoin
2024-10-17 00:00:00,70.09348865651621,litecoin
2024-10-18 00:00:00,72.83184146034205,litecoin
2024-10-19 00:00:00,73.23702743661757,litecoin
2024-10-20 00:00:00,74.8589836297583,litecoin
2024-10-21 00:00:00,74.18193429769839,litecoin
2024-10-22 00:00:00,70.72947196526188,litecoin
2024-10-23 00:00:00,69.84009781025821,litecoin
2024-10-24 00:00:00,70.06745305952005,litecoin
2024-10-25 00:00:00,71.0979201676079,litecoin
2024-10-26 00:00:00,68.4108217645933,litecoin
2024-10-27 00:00:00,68.3734178134213,litecoin
2024-10-28 00:00:00,71.03177933863266,litecoin
2024-10-29 00:00:00,70.73012562005584,litecoin
2024-10-30 00:00:00,74.07890632680119,litecoin
2024-10-31 00:00:00,71.83805638438483,litecoin
2024-11-01 00:00:00,69.13157676516721,litecoin
2024-11-02 00:00:00,70.21689500127817,litecoin
2024-11-03 00:00:00,69.16545029454562,litecoin
2024-11-04 00:00:00,66.93877651681868,litecoin
2024-11-05 00:00:00,65.45062792307996,litecoin
2024-11-06 00:00:00,65.40701188656351,litecoin
2024-11-07 00:00:00,71.0068203142269,litecoin
2024-11-08 00:00:00,71.52426321915254,litecoin
2024-11-09 00:00:00,72.83170626042516,litecoin
2024-11-10 00:00:00,73.94862302993009,litecoin
2024-11-11 00:00:00,76.51673978813817,litecoin
2024-11-12 00:00:00,80.06727284102335,litecoin
2024-11-13 00:00:00,77.34753191137143,litecoin
2024-11-14 00:00:00,75.46749803535799,litecoin
2024-11-15 00:00:00,82.02181066306547,litecoin
2024-11-16 00:00:00,83.59730017018161,litecoin
2024-11-17 00:00:00,95.2142942480468,litecoin
2024-11-18 00:00:00,86.99365894607126,litecoin
2024-11-19 00:00:00,89.18625782909633,litecoin
2024-11-20 00:00:00,86.8346304288408,litecoin
2024-11-21 00:00:00,83.75376337619583,litecoin
2024-11-22 00:00:00,89.48138304479176,litecoin
2024-11-23 00:00:00,91.93120759357886,litecoin
2024-11-24 00:00:00,99.33830290027802,litecoin
2024-11-25 00:00:00,97.1764692884937,litecoin
2024-11-26 00:00:00,92.31843858851373,litecoin
2024-11-27 00:00:00,92.7654869324501,litecoin
2024-11-28 00:00:00,97.33862014602796,litecoin
2024-11-29 00:00:00,95.76076941566915,litecoin
2024-11-30 00:00:00,103.58478647814665,litecoin
2024-12-01 00:00:00,102.82295228488405,litecoin
2024-12-02 00:00:00,119.58467555234745,litecoin
2024-12-03 00:00:00,134.20913087977684,litecoin
2024-12-04 00:00:00,132.1686022445804,litecoin
2024-12-05 00:00:00,133.69742144078307,litecoin
2024-12-06 00:00:00,136.50322434223267,litecoin
2024-12-07 00:00:00,136.1082131017185,litecoin
2024-12-08 00:00:00,133.6891071572901,litecoin
2024-12-09 00:00:00,135.64579385305427,litecoin
2024-12-10 00:00:00,110.7153849650254,litecoin
2024-12-11 00:00:00,109.52780789888314,litecoin
2024-12-12 00:00:00,117.49408039305506,litecoin
2024-12-13 00:00:00,119.14174187444354,litecoin
2024-12-14 00:00:00,123.80170410618783,litecoin
2024-12-15 00:00:00,118.09651150921341,litecoin
2024-12-16 00:00:00,121.46336487381318,litecoin
2024-12-17 00:00:00,118.36236578354912,litecoin
2024-12-18 00:00:00,124.08809983267948,litecoin
2024-12-19 00:00:00,108.97529745760824,litecoin
2024-12-20 00:00:00,99.92342220240585,litecoin
2024-12-21 00:00:00,101.32707905001391,litecoin
2024-12-22 00:00:00,101.2921357118783,litecoin
2024-12-23 00:00:00,99.4739962412289,litecoin
2024-12-24 00:00:00,106.29980520657433,litecoin
2024-12-25 00:00:00,108.39419540146325,litecoin
2024-12-26 00:00:00,109.46769678430594,litecoin
2024-12-27 00:00:00,102.09678367230815,litecoin
2024-12-28 00:00:00,100.31700076753687,litecoin
2024-12-29 00:00:00,100.59713094281878,litecoin
2024-12-30 00:00:00,98.32759346687789,litecoin
2024-12-31 00:00:00,99.18334064898012,litecoin
2025-01-01 00:00:00,103.07745074703193,litecoin
2025-01-02 00:00:00,104.61693980490949,litecoin
2025-01-03 00:00:00,105.24749444031035,litecoin
2025-01-04 00:00:00,112.6653704171721,litecoin
2025-01-05 00:00:00,111.24738187091151,litecoin
2025-01-06 00:00:00,115.34124143352793,litecoin
2025-01-07 00:00:00,113.9944127649714,litecoin
2025-01-08 00:00:00,102.91558256008301,litecoin
2025-01-09 00:00:00,101.55524282890082,litecoin
2025-01-10 00:00:00,102.24182259588156,litecoin
2025-01-11 00:00:00,104.22560157116182,litecoin
2025-01-12 00:00:00,104.3821278175827,litecoin
2025-01-13 00:00:00,102.32043637084954,litecoin
2025-01-14 00:00:00,98.50665313332506,litecoin
2025-01-15 00:00:00,102.33668544325782,litecoin
2025-01-16 00:00:00,117.94311612647068,litecoin
2025-01-17 00:00:00,124.12892675022663,litecoin
2025-01-18 00:00:00,136.85856621907038,litecoin
2025-01-19 00:00:00,125.43611048528027,litecoin
2025-01-20 00:00:00,115.89859310601071,litecoin
2025-01-21 00:00:00,117.82699214986471,litecoin
2025-01-22 00:00:00,118.92534450085856,litecoin
2025-01-23 00:00:00,115.18818558862665,litecoin
2025-01-24 00:00:00,116.45900236514406,litecoin
2025-01-25 00:00:00,118.62136533525381,litecoin
2025-01-26 00:00:00,123.90633888365929,litecoin
2025-01-27 00:00:00,117.28627156303418,litecoin
2025-01-28 00:00:00,114.78562128335321,litecoin
2025-01-29 00:00:00,110.18720748308941,litecoin
2025-01-30 00:00:00,115.84292822452711,litecoin
2025-01-31 00:00:00,129.84366772430988,litecoin
2025-02-01 00:00:00,128.21183599988407,litecoin
2025-02-02 00:00:00,119.29690660995936,litecoin
2025-02-03 00:00:00,109.31031015468574,litecoin
2025-02-04 00:00:00,106.68160642173409,litecoin
2025-02-05 00:00:00,101.67696315466425,litecoin
2025-02-06 00:00:00,103.2990388548491,litecoin
2025-02-07 00:00:00,101.47893246342676,litecoin
2025-02-08 00:00:00,103.39476312241148,litecoin
2025-02-09 00:00:00,104.61729918059041,litecoin
2025-02-10 00:00:00,107.73419511788468,litecoin
2025-02-11 00:00:00,120.05069573017687,litecoin
2025-02-12 00:00:00,119.65280378271162,litecoin
2025-02-13 00:00:00,121.99463007475461,litecoin
2025-02-14 00:00:00,126.03039210817782,litecoin
2025-02-15 00:00:00,125.21974094167598,litecoin
2025-02-16 00:00:00,133.62168171140846,litecoin
2025-02-17 00:00:00,125.49089944736285,litecoin
2025-02-18 00:00:00,122.27490048728195,litecoin
2025-02-19 00:00:00,129.37431812030331,litecoin
2025-02-20 00:00:00,135.0467320134156,litecoin
2025-02-21 00:00:00,130.5637873445115,litecoin
2025-02-22 00:00:00,127.76992831353945,litecoin
2025-02-23 00:00:00,126.03619151044622,litecoin
2025-02-24 00:00:00,130.10308729876857,litecoin
2025-02-25 00:00:00,113.9332495540523,litecoin
2025-02-26 00:00:00,114.76275278676175,litecoin
2025-02-27 00:00:00,125.37996021335239,litecoin
2025-02-28 00:00:00,126.70031771605727,litecoin
2025-03-01 00:00:00,128.03040655443823,litecoin
2025-03-02 00:00:00,124.31670036737066,litecoin
2025-03-03 00:00:00,127.46719147141572,litecoin
2025-03-04 00:00:00,110.09765258595738,litecoin
2025-03-05 00:00:00,103.50343511026203,litecoin
2025-03-06 00:00:00,104.7094659831926,litecoin
2025-03-07 00:00:00,103.41902164415295,litecoin
2025-03-08 00:00:00,103.43292073503451,litecoin
2025-03-09 00:00:00,102.3410433650952,litecoin
2025-03-10 00:00:00,94.39487281369313,litecoin
2025-03-11 00:00:00,87.65780132214545,litecoin
2025-03-12 00:00:00,90.4747992641379,litecoin
2025-03-13 00:00:00,91.60675995065874,litecoin
2025-03-14 00:00:00,87.99132679881963,litecoin
2025-03-15 00:00:00,91.3971653027959,litecoin
2025-03-16 00:00:00,92.46919970506201,litecoin
2025-03-17 00:00:00,90.40439571244727,litecoin
2025-03-18 00:00:00,92.37546226716411,litecoin
2025-03-19 00:00:00,90.0837145234657,litecoin
2025-03-20 00:00:00,94.0422796860704,litecoin
2025-03-21 00:00:00,93.30107371605145,litecoin
2025-03-22 00:00:00,91.03721767589194,litecoin
2025-03-23 00:00:00,91.223451729495,litecoin
2025-03-24 00:00:00,91.39870932152722,litecoin
2025-03-25 00:00:00,93.60884518810742,litecoin
2025-03-26 00:00:00,94.57310196374205,litecoin
2025-03-27 00:00:00,92.31003870911086,litecoin
2025-03-28 00:00:00,92.8877747770944,litecoin
2025-03-29 00:00:00,87.41653156849024,litecoin
2025-03-30 00:00:00,85.45147530911963,litecoin
2025-03-31 00:00:00,85.96234152262682,litecoin
2025-04-01 00:00:00,83.04256752728014,litecoin
2025-04-02 00:00:00,84.54689935549364,litecoin
2025-04-03 00:00:00,81.83281769665525,litecoin
2025-04-04 00:00:00,83.38712732801515,litecoin
2025-04-05 00:00:00,84.36977604877094,litecoin
2025-04-06 00:00:00,82.80492892590036,litecoin
2025-04-07 00:00:00,70.34292227007285,litecoin
2025-04-08 00:00:00,70.93382299574974,litecoin
2025-04-09 00:00:00,68.98458275503194,litecoin
2025-04-10 00:00:00,75.99818230182687,litecoin
2025-04-11 00:00:00,73.7535696947226,litecoin
2025-04-12 00:00:00,76.20087730680858,litecoin
2025-04-13 00:00:00,78.6355543978562,litecoin
2025-04-14 00:00:00,77.68422193531823,litecoin
2025-04-15 00:00:00,77.10197463364834,litecoin
2025-04-16 00:00:00,75.4068649588178,litecoin
2025-04-17 00:00:00,74.31575905789768,litecoin
2025-04-18 00:00:00,74.89905687711816,litecoin
2025-04-19 00:00:00,75.97759927668527,litecoin
2025-04-20 00:00:00,76.14787380731937,litecoin
2025-04-21 00:00:00,77.76735019741147,litecoin
2025-04-22 00:00:00,77.81974930905011,litecoin
2025-04-23 00:00:00,83.88538391176314,litecoin
2025-04-24 00:00:00,83.13713416252266,litecoin
2025-04-25 00:00:00,84.35577146806008,litecoin
2025-04-26 00:00:00,86.3975301727394,litecoin
2025-04-27 00:00:00,87.03547825518902,litecoin
2025-04-28 00:00:00,85.54993622134249,litecoin
2025-04-29 00:00:00,85.80852689223472,litecoin
2025-04-30 00:00:00,85.42140587808338,litecoin
2025-05-01 00:00:00,83.58853028850834,litecoin
2025-05-02 00:00:00,89.06217816520171,litecoin
2025-05-03 00:00:00,87.89590354214553,litecoin
2025-05-04 00:00:00,86.75992413700477,litecoin
2025-05-05 00:00:00,85.10902735824925,litecoin
2025-05-06 00:00:00,83.41922770063775,litecoin
2025-05-07 00:00:00,92.14970465919401,litecoin
2025-05-08 00:00:00,89.44431346011324,litecoin
2025-05-09 00:00:00,94.6199681155532,litecoin
2025-05-10 00:00:00,100.4027132953146,litecoin
2025-05-11 00:00:00,105.08748443279636,litecoin
2025-05-12 00:00:00,99.92912115652602,litecoin
2025-05-13 00:00:00,104.12471184298013,litecoin
2025-05-14 00:00:00,103.46894701895069,litecoin
2025-05-15 00:00:00,100.97990415152123,litecoin
2025-05-16 00:00:00,99.18075221295052,litecoin
2025-05-17 00:00:00,99.63092219071703,litecoin
2025-05-18 00:00:00,96.34390862139422,litecoin
2025-05-19 00:00:00,100.1708246970945,litecoin
2025-05-20 00:00:00,98.39236540189734,litecoin
2025-05-21 00:00:00,94.26172592286514,litecoin
2025-05-22 00:00:00,97.38050298004114,litecoin
2025-05-23 00:00:00,100.37430739666063,litecoin
2025-05-24 00:00:00,95.33939834887626,litecoin
2025-05-25 00:00:00,95.62898062591695,litecoin
2025-05-26 00:00:00,95.5960032466726,litecoin
2025-05-27 00:00:00,94.80730074536368,litecoin
2025-05-28 00:00:00,95.87244149694016,litecoin
2025-05-29 00:00:00,95.34672756591803,litecoin
2025-05-30 00:00:00,93.52332776649708,litecoin
2025-05-31 00:00:00,85.78549439836341,litecoin
2025-06-01 00:00:00,87.30565093932115,litecoin
2025-06-02 00:00:00,88.57738602154916,litecoin
2025-06-03 00:00:00,89.76662848107492,litecoin
2025-06-04 00:00:00,89.64380329685774,litecoin
2025-06-05 00:00:00,88.05528756153052,litecoin
2025-06-06 00:00:00,83.72290562382351,litecoin
2025-06-07 00:00:00,87.2021118142265,litecoin
2025-06-08 00:00:00,88.38406876916488,litecoin
2025-06-09 00:00:00,87.23364803920832,litecoin
2025-06-10 00:00:00,90.68092170594196,litecoin
2025-06-11 00:00:00,93.22402861946685,litecoin
2025-06-12 00:00:00,91.54132655406845,litecoin
2025-06-13 00:00:00,86.57094135202267,litecoin
2025-06-14 00:00:00,86.53660834254613,litecoin
2025-06-15 00:00:00,85.26561090194515,litecoin
2025-06-16 00:00:00,86.27976830121283,litecoin
2025-06-17 00:00:00,87.19451377120998,litecoin
2025-06-18 00:00:00,84.47351349479052,litecoin
2025-06-19 00:00:00,85.02164097820658,litecoin
2025-06-20 00:00:00,85.11575131315323,litecoin
2025-06-21 00:00:00,82.84950348863147,litecoin
2025-06-22 00:00:00,79.71063519990433,litecoin
2025-06-23 00:00:00,80.14445130250282,litecoin
2025-06-24 00:00:00,85.1379470362546,litecoin
2025-06-25 00:00:00,84.78131261914129,litecoin
2025-06-26 00:00:00,84.63828175461558,litecoin
2025-06-27 00:00:00,84.33129526621656,litecoin
2025-06-28 00:00:00,84.81879055960836,litecoin
2025-06-29 00:00:00,86.30182839318583,litecoin
2025-06-30 00:00:00,87.99783679129132,litecoin
2025-07-01 00:00:00,86.07485604853117,litecoin
2025-07-02 00:00:00,83.19938636182195,litecoin
2025-07-03 00:00:00,87.33809900104266,litecoin
2025-07-04 00:00:00,88.97662176563378,litecoin
2025-07-05 00:00:00,86.87396805743026,litecoin
2025-07-06 00:00:00,87.43485192782455,litecoin
2025-07-07 00:00:00,87.40380934142549,litecoin
2025-07-08 00:00:00,86.07791161720696,litecoin
2025-07-09 00:00:00,87.6785589941046,litecoin
2025-07-10 00:00:00,90.76133405802098,litecoin
2025-07-11 00:00:00,94.67733047780915,litecoin
2025-07-12 00:00:00,94.21249972458064,litecoin
2025-07-13 00:00:00,92.79126145755784,litecoin
2025-07-14 00:00:00,94.59945275727617,litecoin
2025-07-15 00:00:00,95.48240960812184,litecoin
2025-07-16 00:00:00,96.27674433546555,litecoin
2025-07-17 00:00:00,97.53897581627878,litecoin
2025-07-18 00:00:00,101.8720685747783,litecoin
2025-07-19 00:00:00,101.64061436343907,litecoin
2025-07-20 00:00:00,113.17888001438212,litecoin
2025-07-21 00:00:00,116.81497450474652,litecoin
2025-07-22 00:00:00,115.9569366190881,litecoin
2025-07-23 00:00:00,119.08761800919198,litecoin
2025-07-24 00:00:00,112.3185508782886,litecoin
2025-07-25 00:00:00,112.31248403318017,litecoin
2025-07-26 00:00:00,113.61874531232598,litecoin
2025-07-27 00:00:00,114.00402433286135,litecoin
2025-07-28 00:00:00,114.71690082768733,litecoin
2025-07-29 00:00:00,108.64321285623063,litecoin
2025-07-30 00:00:00,108.51745700935655,litecoin
2025-07-31 00:00:00,110.58808015186307,litecoin
2025-08-01 00:00:00,106.11412786398522,litecoin
2025-08-02 00:00:00,106.64585785576958,litecoin
2025-08-03 00:00:00,106.43241232696334,litecoin
2025-08-04 00:00:00,110.46941958625,litecoin
2025-08-05 00:00:00,121.18423239882743,litecoin
2025-08-06 00:00:00,120.36713881777632,litecoin
2025-08-07 00:00:00,119.32744116295628,litecoin
2025-08-08 00:00:00,122.56716084446933,litecoin
2025-08-09 00:00:00,123.93437353004454,litecoin
2025-08-10 00:00:00,120.50544288308949,litecoin
2025-08-11 00:00:00,123.80995049520597,litecoin
2025-08-12 00:00:00,120.30862892792014,litecoin
2025-08-13 00:00:00,130.79623281126348,litecoin
2025-08-14 00:00:00,130.95841495874757,litecoin
2025-08-15 00:00:00,121.40117693949556,litecoin
2025-08-16 00:00:00,118.96186655017937,litecoin
2025-08-17 00:00:00,120.8682011273418,litecoin
2025-08-18 00:00:00,121.09687168371397,litecoin
2025-08-19 00:00:00,117.60107139372343,litecoin
2025-08-20 00:00:00,112.52767285418741,litecoin
2025-08-21 00:00:00,116.07657994576094,litecoin
2025-08-22 00:00:00,114.53360891367224,litecoin
2025-08-23 00:00:00,122.86051271148945,litecoin
2025-08-24 00:00:00,121.30688386198435,litecoin
2025-08-25 00:00:00,118.26320218670334,litecoin
2025-08-26 00:00:00,109.39563713913786,litecoin
2025-08-27 00:00:00,113.51198070666055,litecoin
2025-08-28 00:00:00,112.13224646582667,litecoin
2025-08-29 00:00:00,113.67962068865508,litecoin
2025-08-30 00:00:00,109.96803923235993,litecoin
2025-08-31 00:00:00,110.70863747056706,litecoin
2025-09-01 00:00:00,108.91599056930494,litecoin
2025-09-02 00:00:00,108.46769319068763,litecoin
2025-09-03 00:00:00,111.65964396836841,litecoin
2025-09-04 00:00:00,112.93809108856333,litecoin
2025-09-05 00:00:00,111.10474983967215,litecoin
2025-09-06 00:00:00,112.0897651892183,litecoin
2025-09-07 00:00:00,112.12269778020817,litecoin
2025-09-07 14:54:29,114.90805600665983,litecoin
